BROAD AREA,Specialty Area(s),College,Primary Department,Researcher
ENERGY,Solar,Arts & Sciences,Biochemistry,David Baker
ENERGY,Bioenergy,Arts & Sciences,Biology,Rose Ann Cattolico
ENERGY,Bioenergy,Arts & Sciences,Chemistry,Thomas Spiro
ENERGY,Energy Harvesting,Arts & Sciences,Chemistry,Thomas Spiro
ENERGY,Solar,Arts & Sciences,Chemistry,Brandi Cossairt
ENERGY,Solar,Arts & Sciences,Chemistry,Daniel Gamelin
ENERGY,Solar,Arts & Sciences,Chemistry,David Ginger
ENERGY,Solar,Arts & Sciences,Chemistry,Thomas Spiro
ENERGY,Solar,Arts & Sciences,Chemistry,Charles Campbell
ENERGY,Wind,Arts & Sciences,Evans School of Public Affairs,Allison Cullen
ENERGY,Bioenergy,Arts & Sciences,Microbiology,John Leigh
ENERGY,Bioenergy,Arts & Sciences,Microbiology,Caroline Harwood
ENERGY,Bioenergy,Arts & Sciences,Microbiology,Mary Lidstrom
ENERGY,Energy Harvesting,Arts & Sciences,Physics,Molecular Engineering and Sciences Institute
ENERGY,Solar,Arts & Sciences,Physics,Gerald Seidler
ENERGY,Solar,Arts & Sciences,Physics,John Rehr
ENERGY,Solar,Arts & Sciences,Physics,Fernando Vila
ENERGY,Bioenergy,Engineering,Aeronautics and Astronautics,James Hermanson
ENERGY,Fusion,Engineering,Aeronautics and Astronautics,Richard Milroy
ENERGY,Fusion,Engineering,Aeronautics and Astronautics,Thomas Jarboe
ENERGY,Fusion,Engineering,Aeronautics and Astronautics,Uri Shumlak
ENERGY,Bioenergy,Engineering,Chemical Engineering,Daniel Schwartz
ENERGY,Bioenergy,Engineering,Chemical Engineering,James Carothers
ENERGY,Solar,Engineering,Chemical Engineering,Hugh Hillhouse
ENERGY,Solar,Engineering,Chemical Engineering,Lilo Pozzo
ENERGY,Solar,Engineering,Chemical Engineering,Samson Jenekhe
ENERGY,Tidal/Hydrokinetics,Engineering,Civil and Environmental Engineering,Jim Thomson
ENERGY,Wind,Engineering,Civil and Environmental Engineering,Dorothy Reed
ENERGY,Energy Harvesting,Engineering,Computer Science and Engineering,Joshua Smith
ENERGY,Energy Harvesting,Engineering,Electrical Engineering,Brian Otis
ENERGY,Solar,Engineering,Electrical Engineering,Daniel Kirschen
ENERGY,Solar,Engineering,Electrical Engineering,Scott Dunham
ENERGY,Solar,Engineering,Electrical Engineering,Scott Dunham
ENERGY,Wind,Engineering,Electrical Engineering,Mohamed El-Sharkawi
ENERGY,Wind,Engineering,Electrical Engineering,Daniel Kirschen
ENERGY,Bioenergy,Engineering,Materials Science and Engineering,Jihui Yang
ENERGY,Energy Harvesting,Engineering,Materials Science and Engineering,Xiaodong Xu
ENERGY,Energy Harvesting,Engineering,Materials Science and Engineering,Fumio Ohuchi
ENERGY,Energy Harvesting,Engineering,Materials Science and Engineering,Guozhong Cao
ENERGY,Energy Harvesting,Engineering,Materials Science and Engineering,Christine Luscombe
ENERGY,Solar,Engineering,Materials Science and Engineering,Guozhong Cao
ENERGY,Solar,Engineering,Materials Science and Engineering,Christine Luscombe
ENERGY,Solar,Engineering,Materials Science and Engineering,Alex K.-Y. Jen
ENERGY,Solar,Engineering,Materials Science and Engineering,Qifeng Zhang
ENERGY,Solar,Engineering,Materials Science and Engineering,Hong Ma
ENERGY,Bioenergy,Engineering,Mechanical Engineering,Amy Shen
ENERGY,Energy Harvesting,Engineering,Mechanical Engineering,Jiangyu Li
ENERGY,Energy Harvesting,Engineering,Mechanical Engineering,Minoru Taya
ENERGY,Solar,Engineering,Mechanical Engineering,J. Devin Mackenzie
ENERGY,Solar,Engineering,Mechanical Engineering,Jiangyu Li
ENERGY,Solar,Engineering,Mechanical Engineering,Minoru Taya
ENERGY,Tidal/Hydrokinetic,Engineering,Mechanical Engineering,Steve Brunton
ENERGY,Tidal/Hydrokinetics,Engineering,Mechanical Engineering,Brian Polagye
ENERGY,Tidal/Hydrokinetics,Engineering,Mechanical Engineering,Philip Malte
ENERGY,Tidal/Hydrokinetics,Engineering,Mechanical Engineering,Alberto Aliseda
ENERGY,Tidal/Hydrokinetics,Engineering,Mechanical Engineering,James Riley
ENERGY,Bioenergy,Environment,Environmental and Forest Science,Richard Gustafson
ENERGY,Bioenergy,Environment,Environmental and Forest Science,Renata Bura
ENERGY,Bioenergy,Environment,Environmental and Forest Science,Sharon Doty
ENERGY,Tidal/Hydrokinetic,Environment,Physical Oceanography,Mitsuhiro Kawase